{
  "BGS000": {
    "Wavelength": [
      9200.0,
      9675.0,
      10149.999999999998,
      10630.0,
      11100.000000000002,
      11580.0,
      12050.0,
      12525.0,
      13000.0,
      13000.0
    ],
    "Amp": [
      0.8438007972715912,
      0.8438007972715912,
      0.8438007972715912,
      0.8438007972715912,
      0.8438007972715912,
      0.8438007972715912,
      0.8438007972715912,
      0.8438007972715912,
      0.8438007972715912,
      0.8438007972715912
    ],
    "Sig1": [
      0.828509166361397,
      0.828509166361397,
      0.828509166361397,
      0.828509166361397,
      0.828509166361397,
      0.828509166361397,
      0.828509166361397,
      0.828509166361397,
      0.828509166361397,
      0.828509166361397
    ],
    "Sig2": [
      4.02971099033051,
      4.02971099033051,
      4.02971099033051,
      4.02971099033051,
      4.02971099033051,
      4.02971099033051,
      4.02971099033051,
      4.02971099033051,
      4.02971099033051,
      4.02971099033051
    ]
  },
  "RGS180": {
    "Wavelength": [
      12000.0,
      12687.5,
      13375.0,
      14062.5,
      14750.0,
      15437.5,
      16125.0,
      16812.5,
      17500.0,
      18500.0
    ],
    "Amp": [
      0.7560334723407564,
      0.7560334723407564,
      0.7542163083585284,
      0.7521491876958346,
      0.7510106658375962,
      0.7503709185133818,
      0.7500225426420978,
      0.7498644146631933,
      0.7498515884385283,
      0.7500786619137858
    ],
    "Sig1": [
      0.462038295065883,
      0.462038295065883,
      0.4656125185882037,
      0.4727807993205217,
      0.48042865421105774,
      0.4883508986585767,
      0.49644199203538464,
      0.5046483940267124,
      0.5129469622875207,
      0.5251824761885441
    ],
    "Sig2": [
      2.2013230443919,
      2.2013230443919,
      2.2642626672971162,
      2.373810910503815,
      2.4727828083517074,
      2.55935340721763,
      2.6326347498336826,
      2.6921931042680938,
      2.737845375297446,
      2.779427334555724
    ]
  },
  "RGS000": {
    "Wavelength": [
      12000.0,
      12687.5,
      13375.0,
      14062.5,
      14750.0,
      15437.5,
      16125.0,
      16812.5,
      17500.0,
      18500.0
    ],
    "Amp": [
      0.7560334723407564,
      0.7560334723407564,
      0.7542163083585284,
      0.7521491876958346,
      0.7510106658375962,
      0.7503709185133818,
      0.7500225426420978,
      0.7498644146631933,
      0.7498515884385283,
      0.7500786619137858
    ],
    "Sig1": [
      0.462038295065883,
      0.462038295065883,
      0.4656125185882037,
      0.4727807993205217,
      0.48042865421105774,
      0.4883508986585767,
      0.49644199203538464,
      0.5046483940267124,
      0.5129469622875207,
      0.5251824761885441
    ],
    "Sig2": [
      2.2013230443919,
      2.2013230443919,
      2.2642626672971162,
      2.373810910503815,
      2.4727828083517074,
      2.55935340721763,
      2.6326347498336826,
      2.6921931042680938,
      2.737845375297446,
      2.779427334555724
    ]
  }
}